{"NVIDIA Corporation/GeForce GTX TITAN/4318": {"conv": {"col_x_col": {"double": {"0": [[24, 32, 53], 0.23363137245178223], "1": [[28, 16, 33], 0.23238555590311694], "2": [[24, 32, 53], 0.23363137245178223]}, "float": {"0": [[30, 16, 66], 0.09284567832946777], "1": [[30, 16, 66], 0.09284567832946777], "2": [[30, 16, 66], 0.09284567832946777]}}, "row_x_col": {"double": {"0": [[24, 32, 53], 0.23363137245178223], "1": [[24, 32, 53], 0.23363137245178223], "2": [[28, 16, 33], 0.23238555590311694]}, "float": {"0": [[16, 16, 74], 0.10879238446553541], "1": [[12, 64, 58], 0.10668174425760912], "2": [[19, 24, 66], 0.130112886428833]}}, "row_x_row": {"double": {"0": [[48, 16, 45], 0.27823710441589355], "1": [[28, 16, 33], 0.23238555590311694], "2": [[24, 32, 53], 0.23363137245178223]}, "float": {"0": [[39, 16, 106], 0.1464597384134929], "1": [[30, 16, 66], 0.09284567832946777], "2": [[21, 32, 94], 0.11283588409423828]}}}, "deconv": {"row_x_col": {"double": {"0": [[28, 16, 33], 0.23238555590311694], "1": [[28, 16, 33], 0.23238555590311694], "2": [[28, 16, 33], 0.23238555590311694]}, "float": {"0": [[30, 16, 66], 0.09284567832946777], "1": [[30, 16, 66], 0.09284567832946777], "2": [[37, 16, 66], 0.09642155965169263]}}, "row_x_row": {"double": {"0": [[28, 16, 33], 0.23238555590311694], "1": [[26, 16, 33], 0.23412585258483887], "2": [[28, 16, 33], 0.23238555590311694]}, "float": {"0": [[30, 16, 66], 0.09284567832946777], "1": [[30, 16, 66], 0.09284567832946777], "2": [[30, 16, 66], 0.09284567832946777]}}}, "matrix_multiplication": {"col_x_col": {"double": {"0": [[32, 16, 63], 0.3409994443257649], "1": [[24, 32, 53], 0.23363137245178223], "2": [[24, 32, 53], 0.23363137245178223]}, "float": {"0": [[40, 16, 106], 0.14335529009501147], "1": [[27, 32, 157], 0.14982660611470533], "2": [[21, 32, 94], 0.11283588409423828]}}, "row_x_col": {"double": {"0": [[32, 32, 27], 0.3395195802052815], "1": [[24, 32, 53], 0.23363137245178223], "2": [[24, 32, 53], 0.23363137245178223]}, "float": {"0": [[40, 16, 106], 0.14335529009501147], "1": [[21, 32, 94], 0.11283588409423828], "2": [[18, 32, 94], 0.11542749404907227]}}, "row_x_row": {"double": {"0": [[48, 16, 31], 0.36725242932637525], "1": [[28, 16, 33], 0.23238555590311694], "2": [[28, 16, 33], 0.23238555590311694]}, "float": {"0": [[63, 16, 138], 0.1728102366129558], "1": [[22, 16, 66], 0.1007852554321289], "2": [[30, 16, 66], 0.09284567832946777]}}}}}