{
  "NVIDIA Corporation/GeForce GTX TITAN/4318": {
    "deconv": {
      "row_x_col": {
        "float": {
          "2": [
            [
              37,
              16,
              66
            ],
            0.09642155965169263
          ],
          "1": [
            [
              30,
              16,
              66
            ],
            0.09284567832946777
          ],
          "0": [
            [
              30,
              16,
              66
            ],
            0.09284567832946777
          ]
        },
        "double": {
          "2": [
            [
              28,
              16,
              33
            ],
            0.23238555590311694
          ],
          "1": [
            [
              28,
              16,
              33
            ],
            0.23238555590311694
          ],
          "0": [
            [
              28,
              16,
              33
            ],
            0.23238555590311694
          ]
        }
      },
      "row_x_row": {
        "float": {
          "2": [
            [
              30,
              16,
              66
            ],
            0.09284567832946777
          ],
          "1": [
            [
              30,
              16,
              66
            ],
            0.09284567832946777
          ],
          "0": [
            [
              30,
              16,
              66
            ],
            0.09284567832946777
          ]
        },
        "double": {
          "2": [
            [
              28,
              16,
              33
            ],
            0.23238555590311694
          ],
          "1": [
            [
              26,
              16,
              33
            ],
            0.23412585258483887
          ],
          "0": [
            [
              28,
              16,
              33
            ],
            0.23238555590311694
          ]
        }
      }
    },
    "matrix_multiplication": {
      "row_x_col": {
        "float": {
          "2": [
            [
              18,
              32,
              94
            ],
            0.11542749404907227
          ],
          "1": [
            [
              21,
              32,
              94
            ],
            0.11283588409423828
          ],
          "0": [
            [
              40,
              16,
              106
            ],
            0.14335529009501147
          ]
        },
        "double": {
          "2": [
            [
              24,
              32,
              53
            ],
            0.23363137245178223
          ],
          "1": [
            [
              24,
              32,
              53
            ],
            0.23363137245178223
          ],
          "0": [
            [
              32,
              32,
              27
            ],
            0.3395195802052815
          ]
        }
      },
      "col_x_col": {
        "float": {
          "2": [
            [
              21,
              32,
              94
            ],
            0.11283588409423828
          ],
          "1": [
            [
              27,
              32,
              157
            ],
            0.14982660611470533
          ],
          "0": [
            [
              40,
              16,
              106
            ],
            0.14335529009501147
          ]
        },
        "double": {
          "2": [
            [
              24,
              32,
              53
            ],
            0.23363137245178223
          ],
          "1": [
            [
              24,
              32,
              53
            ],
            0.23363137245178223
          ],
          "0": [
            [
              32,
              16,
              63
            ],
            0.3409994443257649
          ]
        }
      },
      "row_x_row": {
        "float": {
          "2": [
            [
              30,
              16,
              66
            ],
            0.09284567832946777
          ],
          "1": [
            [
              22,
              16,
              66
            ],
            0.1007852554321289
          ],
          "0": [
            [
              63,
              16,
              138
            ],
            0.1728102366129558
          ]
        },
        "double": {
          "2": [
            [
              28,
              16,
              33
            ],
            0.23238555590311694
          ],
          "1": [
            [
              28,
              16,
              33
            ],
            0.23238555590311694
          ],
          "0": [
            [
              48,
              16,
              31
            ],
            0.36725242932637525
          ]
        }
      }
    },
    "conv": {
      "row_x_col": {
        "float": {
          "2": [
            [
              19,
              24,
              66
            ],
            0.130112886428833
          ],
          "1": [
            [
              12,
              64,
              58
            ],
            0.10668174425760912
          ],
          "0": [
            [
              16,
              16,
              74
            ],
            0.10879238446553541
          ]
        },
        "double": {
          "2": [
            [
              28,
              16,
              33
            ],
            0.23238555590311694
          ],
          "1": [
            [
              24,
              32,
              53
            ],
            0.23363137245178223
          ],
          "0": [
            [
              24,
              32,
              53
            ],
            0.23363137245178223
          ]
        }
      },
      "col_x_col": {
        "float": {
          "2": [
            [
              30,
              16,
              66
            ],
            0.09284567832946777
          ],
          "1": [
            [
              30,
              16,
              66
            ],
            0.09284567832946777
          ],
          "0": [
            [
              30,
              16,
              66
            ],
            0.09284567832946777
          ]
        },
        "double": {
          "2": [
            [
              24,
              32,
              53
            ],
            0.23363137245178223
          ],
          "1": [
            [
              28,
              16,
              33
            ],
            0.23238555590311694
          ],
          "0": [
            [
              24,
              32,
              53
            ],
            0.23363137245178223
          ]
        }
      },
      "row_x_row": {
        "float": {
          "2": [
            [
              21,
              32,
              94
            ],
            0.11283588409423828
          ],
          "1": [
            [
              30,
              16,
              66
            ],
            0.09284567832946777
          ],
          "0": [
            [
              39,
              16,
              106
            ],
            0.1464597384134929
          ]
        },
        "double": {
          "2": [
            [
              24,
              32,
              53
            ],
            0.23363137245178223
          ],
          "1": [
            [
              28,
              16,
              33
            ],
            0.23238555590311694
          ],
          "0": [
            [
              48,
              16,
              45
            ],
            0.27823710441589355
          ]
        }
      }
    }
  }
}