{
  "NVIDIA Corporation/GeForce GTX TITAN": {
    "matrix_multiplication": {
      "double": {
        "0": [
          31,
          false,
          0.3395437159924768
        ],
        "1": [
          31,
          false,
          0.3452338406738515
        ],
        "2": [
          31,
          false,
          0.7053155820079459
        ]
      },
      "float": {
        "0": [
          30,
          false,
          0.16424041400508335
        ],
        "1": [
          30,
          false,
          0.1728648446733132
        ],
        "2": [
          30,
          false,
          0.3108249586657621
        ]
      }
    }
  }
}