{
    "NVIDIA Corporation/GeForce GTX TITAN/4318": {
        "conv": {
            "double": {
                "0": [27, 0.23363137245178223],
                "1": [27, 0.23238555590311694],
                "2": [27, 0.23363137245178223]
            },
            "float": {
                "0": [30, 0.09284567832946777],
                "1": [30, 0.09284567832946777],
                "2": [30, 0.09284567832946777]
            }
        },
        "deconv": {
            "double": {
                "0": [27, 0.23238555590311694],
                "1": [27, 0.23238555590311694],
                "2": [27, 0.23238555590311694]
            },
            "float": {
                "0": [30, 0.09284567832946777],
                "1": [30, 0.09284567832946777],
                "2": [30, 0.09642155965169263]
            }
        },
        "matrix_multiplication": {
            "double": {
                "0": [27, 0.3409994443257649],
                "1": [27, 0.23363137245178223],
                "2": [27, 0.23363137245178223]
            },
            "float": {
                "0": [30, 0.14335529009501147],
                "1": [30, 0.14982660611470533],
                "2": [30, 0.11283588409423828]
            }
        }
    }
}
