{
  "NVIDIA Corporation/GeForce GTX TITAN/4318": {
    "matrix_multiplication": {
      "double": {
        "0": [
          27,
          0.33240404166281223
        ],
        "1": [
          25,
          0.38899995033474016
        ],
        "2": [
          31,
          0.7996089243485281
        ]
      },
      "float": {
        "0": [
          30,
          0.18455366732086986
        ],
        "1": [
          30,
          0.18972158967517316
        ],
        "2": [
          26,
          0.43237945802199346
        ]
      }
    }
  }
}